{"ret": 41.30345276542192, "mtx": [[2127.549664659854, 0.0, 457.3972184625015], [0.0, 2166.9294251227534, 549.3756469527219], [0.0, 0.0, 1.0]], "dist": [[-59.919031561685905], [713.8418365200453], [-0.03296534265604314], [-0.03843319109771712], [8413.102042471872], [-59.5185789688561], [700.9035936970593], [8465.596501619251], [0.0], [0.0], [0.0], [0.0], [0.0], [0.0]]}