{"ret": 9.88464532515338, "mtx": [[2049.0148011374804, 0.0, 542.9736578023723], [0.0, 2171.5623344943533, -140.82656098465202], [0.0, 0.0, 1.0]], "dist": [[-2.513511710253194], [2.633324172890973], [-0.0051363149456919895], [0.030647425345218415], [78.71025218725478], [-1.9281097762263304], [-1.5124756861237818], [93.56296662572584], [0.0], [0.0], [0.0], [0.0], [0.0], [0.0]]}