{"ret": 3.9447328476204513, "mtx": [[1346.3508762809133, 0.0, 532.0123949105786], [0.0, 1355.0451236248712, 542.948235034162], [0.0, 0.0, 1.0]], "dist": [[-0.025255782373568108], [4.270108349908625], [0.010292100390948761], [-0.0012743006588792143], [-32.91735749233505], [0.19580272854055072], [-3.459950255748785], [5.381005522692129], [0.0], [0.0], [0.0], [0.0], [0.0], [0.0]]}