{"ret": 29.51351996321276, "mtx": [[2732.1974899631236, 0.0, 334.2618951595525], [0.0, 1343.1907101656423, 460.53387432495754], [0.0, 0.0, 1.0]], "dist": [[-1.8266547756693718], [-173.74101205998085], [0.046653633602538415], [0.4067569502419552], [-9378.279566485413], [-7.428137806597703], [-385.0321698535924], [1561.3874022403047], [0.0], [0.0], [0.0], [0.0], [0.0], [0.0]]}